order_id,date,product,category,quantity,unit_price,customer,revenue
10336,2026-04-01,Laptop Stand,Accessories,1,39.99,Customer 38,39.99
10991,2026-04-01,Wireless Mouse,Electronics,1,29.99,Customer 113,29.99
10836,2026-04-01,Laptop Stand,Accessories,2,39.99,Customer 217,79.98
10852,2026-04-01,Wireless Mouse,Electronics,1,29.99,Customer 20,29.99
10067,2026-04-01,Standing Desk,Furniture,4,449.99,Customer 68,1799.96
10469,2026-04-01,Standing Desk,Furniture,1,449.99,Customer 62,449.99
10899,2026-04-01,Backpack,Accessories,1,69.99,Customer 221,69.99
10040,2026-04-01,Backpack,Accessories,1,69.99,Customer 126,69.99
10264,2026-04-01,Headphones,Electronics,1,79.99,Customer 77,79.99
10737,2026-04-02,Wireless Mouse,Electronics,3,29.99,Customer 114,89.97
10007,2026-04-02,Headphones,Electronics,2,79.99,Customer 41,159.98
10385,2026-04-02,Laptop,Electronics,1,899.99,Customer 243,899.99
10913,2026-04-02,Mechanical Keyboard,Electronics,3,89.99,Customer 7,269.96999999999997
10033,2026-04-03,Backpack,Accessories,1,69.99,Customer 30,69.99
10854,2026-04-03,Desk Lamp,Furniture,1,49.99,Customer 88,49.99
10087,2026-04-03,Backpack,Accessories,1,69.99,Customer 142,69.99
10624,2026-04-03,Laptop Stand,Accessories,1,39.99,Customer 93,39.99
10082,2026-04-03,Wireless Mouse,Electronics,1,29.99,Customer 145,29.99
10772,2026-04-03,Wireless Mouse,Electronics,1,29.99,Customer 57,29.99
10909,2026-04-03,Desk Lamp,Furniture,1,49.99,Customer 75,49.99
10256,2026-04-04,Backpack,Accessories,1,69.99,Customer 24,69.99
10064,2026-04-04,Backpack,Accessories,3,69.99,Customer 238,209.96999999999997
10208,2026-04-04,Headphones,Electronics,2,79.99,Customer 33,159.98
10657,2026-04-05,Laptop Stand,Accessories,1,39.99,Customer 18,39.99
10461,2026-04-05,Wireless Mouse,Electronics,1,29.99,Customer 214,29.99
10954,2026-04-05,Backpack,Accessories,4,69.99,Customer 201,279.96
10844,2026-04-05,Desk Lamp,Furniture,1,49.99,Customer 220,49.99
10876,2026-04-05,Wireless Mouse,Electronics,1,29.99,Customer 4,29.99
10475,2026-04-05,Headphones,Electronics,1,79.99,Customer 18,79.99
10705,2026-04-05,Headphones,Electronics,1,79.99,Customer 179,79.99
10473,2026-04-06,Backpack,Accessories,1,69.99,Customer 121,69.99
10332,2026-04-06,Laptop Stand,Accessories,1,39.99,Customer 86,39.99
10942,2026-04-06,Wireless Mouse,Electronics,4,29.99,Customer 51,119.96
10552,2026-04-06,Desk Lamp,Furniture,1,49.99,Customer 101,49.99
10652,2026-04-06,Laptop,Electronics,4,899.99,Customer 119,3599.96
10783,2026-04-06,Wireless Mouse,Electronics,2,29.99,Customer 166,59.98
10297,2026-04-06,Headphones,Electronics,4,79.99,Customer 169,319.96
10239,2026-04-06,Laptop Stand,Accessories,4,39.99,Customer 173,159.96
10176,2026-04-07,Laptop Stand,Accessories,3,39.99,Customer 148,119.97
10001,2026-04-07,Wireless Mouse,Electronics,2,29.99,Customer 63,59.98
10506,2026-04-07,Wireless Mouse,Electronics,2,29.99,Customer 128,59.98
10760,2026-04-07,Backpack,Accessories,3,69.99,Customer 119,209.96999999999997
10005,2026-04-07,Laptop Stand,Accessories,1,39.99,Customer 184,39.99
10499,2026-04-08,Mechanical Keyboard,Electronics,1,89.99,Customer 156,89.99
10535,2026-04-08,Laptop,Electronics,1,899.99,Customer 243,899.99
10191,2026-04-08,Office Chair,Furniture,1,229.99,Customer 84,229.99
10170,2026-04-08,Laptop,Electronics,3,899.99,Customer 52,2699.9700000000003
10958,2026-04-08,Monitor,Electronics,2,249.99,Customer 200,499.98
10371,2026-04-08,Headphones,Electronics,1,79.99,Customer 180,79.99
10326,2026-04-09,Headphones,Electronics,1,79.99,Customer 56,79.99
10656,2026-04-09,Wireless Mouse,Electronics,2,29.99,Customer 108,59.98
10949,2026-04-09,Mechanical Keyboard,Electronics,1,89.99,Customer 158,89.99
10984,2026-04-09,Laptop Stand,Accessories,1,39.99,Customer 82,39.99
10579,2026-04-09,Monitor,Electronics,1,249.99,Customer 180,249.99
10500,2026-04-09,Desk Lamp,Furniture,1,49.99,Customer 61,49.99
10566,2026-04-10,Laptop,Electronics,1,899.99,Customer 86,899.99
10608,2026-04-10,Mechanical Keyboard,Electronics,4,89.99,Customer 102,359.96
10437,2026-04-10,Backpack,Accessories,1,69.99,Customer 225,69.99
10610,2026-04-10,Headphones,Electronics,1,79.99,Customer 146,79.99
10969,2026-04-10,Desk Lamp,Furniture,1,49.99,Customer 60,49.99
10247,2026-04-10,Backpack,Accessories,1,69.99,Customer 81,69.99
10420,2026-04-11,Mechanical Keyboard,Electronics,1,89.99,Customer 113,89.99
10236,2026-04-11,Laptop Stand,Accessories,2,39.99,Customer 189,79.98
10719,2026-04-12,Headphones,Electronics,3,79.99,Customer 176,239.96999999999997
10014,2026-04-12,Wireless Mouse,Electronics,1,29.99,Customer 198,29.99
10209,2026-04-12,Headphones,Electronics,4,79.99,Customer 142,319.96
10119,2026-04-12,Headphones,Electronics,2,79.99,Customer 1,159.98
10770,2026-04-12,Laptop Stand,Accessories,1,39.99,Customer 166,39.99
10270,2026-04-12,Standing Desk,Furniture,1,449.99,Customer 122,449.99
10094,2026-04-12,Headphones,Electronics,1,79.99,Customer 198,79.99
10284,2026-04-12,Laptop,Electronics,1,899.99,Customer 15,899.99
10478,2026-04-12,Mechanical Keyboard,Electronics,1,89.99,Customer 87,89.99
10843,2026-04-12,Laptop,Electronics,1,899.99,Customer 201,899.99
10667,2026-04-13,Desk Lamp,Furniture,4,49.99,Customer 242,199.96
10072,2026-04-13,Laptop,Electronics,1,899.99,Customer 129,899.99
10448,2026-04-14,Headphones,Electronics,1,79.99,Customer 224,79.99
10850,2026-04-14,Mechanical Keyboard,Electronics,1,89.99,Customer 79,89.99
10252,2026-04-14,Desk Lamp,Furniture,1,49.99,Customer 141,49.99
10363,2026-04-14,Standing Desk,Furniture,3,449.99,Customer 154,1349.97
10676,2026-04-14,Monitor,Electronics,1,249.99,Customer 173,249.99
10806,2026-04-14,Laptop Stand,Accessories,2,39.99,Customer 244,79.98
10727,2026-04-14,Office Chair,Furniture,1,229.99,Customer 60,229.99
10213,2026-04-14,Mechanical Keyboard,Electronics,1,89.99,Customer 221,89.99
10885,2026-04-15,Monitor,Electronics,1,249.99,Customer 237,249.99
10639,2026-04-15,Desk Lamp,Furniture,1,49.99,Customer 132,49.99
10959,2026-04-15,Headphones,Electronics,2,79.99,Customer 121,159.98
10973,2026-04-16,Office Chair,Furniture,1,229.99,Customer 151,229.99
10824,2026-04-16,Monitor,Electronics,1,249.99,Customer 137,249.99
10346,2026-04-16,Laptop,Electronics,4,899.99,Customer 217,3599.96
10583,2026-04-16,Desk Lamp,Furniture,2,49.99,Customer 133,99.98
10828,2026-04-16,Standing Desk,Furniture,4,449.99,Customer 222,1799.96
10625,2026-04-16,Monitor,Electronics,1,249.99,Customer 120,249.99
10418,2026-04-16,Mechanical Keyboard,Electronics,1,89.99,Customer 208,89.99
10059,2026-04-16,Wireless Mouse,Electronics,1,29.99,Customer 87,29.99
10424,2026-04-17,Office Chair,Furniture,1,229.99,Customer 143,229.99
10838,2026-04-17,Office Chair,Furniture,2,229.99,Customer 102,459.98
10519,2026-04-17,Wireless Mouse,Electronics,1,29.99,Customer 184,29.99
10342,2026-04-17,Wireless Mouse,Electronics,1,29.99,Customer 200,29.99
10182,2026-04-18,Office Chair,Furniture,1,229.99,Customer 88,229.99
10782,2026-04-18,Office Chair,Furniture,1,229.99,Customer 208,229.99
10997,2026-04-19,Wireless Mouse,Electronics,1,29.99,Customer 228,29.99
10390,2026-04-19,Office Chair,Furniture,1,229.99,Customer 190,229.99
10975,2026-04-19,Office Chair,Furniture,1,229.99,Customer 242,229.99
10083,2026-04-19,Wireless Mouse,Electronics,1,29.99,Customer 130,29.99
10053,2026-04-19,Office Chair,Furniture,1,229.99,Customer 72,229.99
10521,2026-04-19,Laptop Stand,Accessories,1,39.99,Customer 82,39.99
10348,2026-04-19,Desk Lamp,Furniture,2,49.99,Customer 83,99.98
10215,2026-04-19,Desk Lamp,Furniture,1,49.99,Customer 176,49.99
10276,2026-04-20,Mechanical Keyboard,Electronics,1,89.99,Customer 249,89.99
10723,2026-04-20,Standing Desk,Furniture,1,449.99,Customer 145,449.99
10922,2026-04-20,Standing Desk,Furniture,1,449.99,Customer 16,449.99
10497,2026-04-20,Laptop,Electronics,1,899.99,Customer 104,899.99
10435,2026-04-20,Mechanical Keyboard,Electronics,1,89.99,Customer 202,89.99
10634,2026-04-20,Office Chair,Furniture,3,229.99,Customer 29,689.97
10150,2026-04-21,Backpack,Accessories,1,69.99,Customer 60,69.99
10709,2026-04-21,Standing Desk,Furniture,1,449.99,Customer 104,449.99
10043,2026-04-21,Laptop Stand,Accessories,1,39.99,Customer 125,39.99
10015,2026-04-21,Headphones,Electronics,2,79.99,Customer 222,159.98
10491,2026-04-21,Standing Desk,Furniture,1,449.99,Customer 211,449.99
10012,2026-04-21,Standing Desk,Furniture,1,449.99,Customer 213,449.99
10077,2026-04-21,Laptop Stand,Accessories,1,39.99,Customer 150,39.99
10529,2026-04-21,Headphones,Electronics,1,79.99,Customer 163,79.99
10195,2026-04-22,Monitor,Electronics,1,249.99,Customer 105,249.99
10715,2026-04-22,Mechanical Keyboard,Electronics,1,89.99,Customer 112,89.99
10743,2026-04-22,Standing Desk,Furniture,2,449.99,Customer 144,899.98
10359,2026-04-22,Wireless Mouse,Electronics,1,29.99,Customer 25,29.99
10733,2026-04-22,Standing Desk,Furniture,2,449.99,Customer 76,899.98
10217,2026-04-22,Headphones,Electronics,4,79.99,Customer 31,319.96
10396,2026-04-23,Office Chair,Furniture,1,229.99,Customer 28,229.99
10863,2026-04-23,Monitor,Electronics,2,249.99,Customer 36,499.98
10003,2026-04-23,Backpack,Accessories,1,69.99,Customer 9,69.99
10093,2026-04-24,Laptop,Electronics,1,899.99,Customer 213,899.99
10848,2026-04-24,Headphones,Electronics,1,79.99,Customer 65,79.99
10282,2026-04-24,Monitor,Electronics,1,249.99,Customer 26,249.99
10198,2026-04-24,Laptop,Electronics,1,899.99,Customer 104,899.99
10331,2026-04-24,Desk Lamp,Furniture,1,49.99,Customer 165,49.99
10243,2026-04-24,Desk Lamp,Furniture,1,49.99,Customer 105,49.99
10713,2026-04-24,Laptop,Electronics,1,899.99,Customer 97,899.99
10004,2026-04-24,Laptop,Electronics,1,899.99,Customer 130,899.99
10431,2026-04-24,Backpack,Accessories,1,69.99,Customer 109,69.99
10921,2026-04-25,Laptop Stand,Accessories,1,39.99,Customer 164,39.99
10547,2026-04-25,Mechanical Keyboard,Electronics,1,89.99,Customer 243,89.99
10222,2026-04-26,Laptop Stand,Accessories,3,39.99,Customer 54,119.97
10961,2026-04-26,Mechanical Keyboard,Electronics,1,89.99,Customer 62,89.99
10274,2026-04-26,Desk Lamp,Furniture,1,49.99,Customer 117,49.99
10328,2026-04-26,Office Chair,Furniture,4,229.99,Customer 95,919.96
10211,2026-04-27,Desk Lamp,Furniture,2,49.99,Customer 147,99.98
10179,2026-04-27,Monitor,Electronics,1,249.99,Customer 78,249.99
10857,2026-04-27,Wireless Mouse,Electronics,1,29.99,Customer 226,29.99
10009,2026-04-27,Office Chair,Furniture,1,229.99,Customer 25,229.99
10611,2026-04-28,Laptop Stand,Accessories,3,39.99,Customer 86,119.97
10116,2026-04-28,Laptop,Electronics,1,899.99,Customer 89,899.99
10316,2026-04-28,Office Chair,Furniture,1,229.99,Customer 121,229.99
10466,2026-04-29,Wireless Mouse,Electronics,2,29.99,Customer 128,59.98
10974,2026-04-29,Mechanical Keyboard,Electronics,2,89.99,Customer 221,179.98
10041,2026-04-29,Laptop,Electronics,3,899.99,Customer 225,2699.9700000000003
10097,2026-04-29,Laptop,Electronics,1,899.99,Customer 227,899.99
10778,2026-04-30,Wireless Mouse,Electronics,2,29.99,Customer 187,59.98
10214,2026-04-30,Desk Lamp,Furniture,2,49.99,Customer 103,99.98
10793,2026-04-30,Desk Lamp,Furniture,1,49.99,Customer 221,49.99
10886,2026-04-30,Standing Desk,Furniture,1,449.99,Customer 156,449.99
10758,2026-04-30,Office Chair,Furniture,3,229.99,Customer 52,689.97
10230,2026-04-30,Standing Desk,Furniture,1,449.99,Customer 166,449.99
10257,2026-04-30,Monitor,Electronics,1,249.99,Customer 31,249.99
10562,2026-05-01,Laptop Stand,Accessories,1,39.99,Customer 25,39.99
10905,2026-05-01,Office Chair,Furniture,1,229.99,Customer 231,229.99
10888,2026-05-01,Mechanical Keyboard,Electronics,1,89.99,Customer 36,89.99
10180,2026-05-01,Laptop Stand,Accessories,2,39.99,Customer 145,79.98
10387,2026-05-01,Office Chair,Furniture,1,229.99,Customer 192,229.99
10931,2026-05-01,Headphones,Electronics,1,79.99,Customer 207,79.99
10892,2026-05-01,Headphones,Electronics,2,79.99,Customer 8,159.98
10510,2026-05-02,Monitor,Electronics,1,249.99,Customer 19,249.99
10450,2026-05-02,Backpack,Accessories,1,69.99,Customer 196,69.99
10944,2026-05-02,Office Chair,Furniture,1,229.99,Customer 119,229.99
10254,2026-05-02,Desk Lamp,Furniture,1,49.99,Customer 162,49.99
10546,2026-05-02,Desk Lamp,Furniture,1,49.99,Customer 64,49.99
10938,2026-05-02,Mechanical Keyboard,Electronics,1,89.99,Customer 213,89.99
10526,2026-05-02,Laptop,Electronics,1,899.99,Customer 78,899.99
10651,2026-05-03,Backpack,Accessories,2,69.99,Customer 58,139.98
10333,2026-05-03,Monitor,Electronics,2,249.99,Customer 53,499.98
10341,2026-05-03,Laptop,Electronics,2,899.99,Customer 135,1799.98
10982,2026-05-03,Headphones,Electronics,1,79.99,Customer 1,79.99
10523,2026-05-03,Office Chair,Furniture,2,229.99,Customer 200,459.98
10430,2026-05-03,Office Chair,Furniture,1,229.99,Customer 213,229.99
10943,2026-05-03,Desk Lamp,Furniture,1,49.99,Customer 217,49.99
10125,2026-05-03,Backpack,Accessories,1,69.99,Customer 171,69.99
10306,2026-05-04,Monitor,Electronics,2,249.99,Customer 225,499.98
10084,2026-05-04,Headphones,Electronics,3,79.99,Customer 226,239.96999999999997
10360,2026-05-04,Office Chair,Furniture,1,229.99,Customer 151,229.99
10939,2026-05-04,Monitor,Electronics,1,249.99,Customer 103,249.99
10438,2026-05-04,Laptop Stand,Accessories,1,39.99,Customer 40,39.99
10428,2026-05-04,Standing Desk,Furniture,1,449.99,Customer 241,449.99
10262,2026-05-05,Backpack,Accessories,2,69.99,Customer 71,139.98
10753,2026-05-05,Laptop Stand,Accessories,1,39.99,Customer 155,39.99
10750,2026-05-05,Wireless Mouse,Electronics,1,29.99,Customer 243,29.99
10322,2026-05-05,Backpack,Accessories,1,69.99,Customer 95,69.99
10649,2026-05-05,Backpack,Accessories,1,69.99,Customer 90,69.99
10977,2026-05-05,Office Chair,Furniture,4,229.99,Customer 188,919.96
10927,2026-05-05,Monitor,Electronics,2,249.99,Customer 150,499.98
10646,2026-05-05,Mechanical Keyboard,Electronics,2,89.99,Customer 187,179.98
10568,2026-05-06,Backpack,Accessories,1,69.99,Customer 157,69.99
10516,2026-05-06,Monitor,Electronics,1,249.99,Customer 127,249.99
10952,2026-05-06,Standing Desk,Furniture,1,449.99,Customer 165,449.99
10699,2026-05-06,Standing Desk,Furniture,2,449.99,Customer 60,899.98
10598,2026-05-06,Headphones,Electronics,1,79.99,Customer 190,79.99
10858,2026-05-06,Headphones,Electronics,1,79.99,Customer 209,79.99
10504,2026-05-06,Laptop Stand,Accessories,1,39.99,Customer 102,39.99
10061,2026-05-06,Desk Lamp,Furniture,1,49.99,Customer 72,49.99
10661,2026-05-06,Laptop,Electronics,1,899.99,Customer 75,899.99
10320,2026-05-06,Wireless Mouse,Electronics,1,29.99,Customer 10,29.99
10458,2026-05-06,Mechanical Keyboard,Electronics,1,89.99,Customer 235,89.99
10002,2026-05-06,Monitor,Electronics,2,249.99,Customer 174,499.98
10386,2026-05-06,Monitor,Electronics,2,249.99,Customer 75,499.98
10275,2026-05-07,Laptop,Electronics,1,899.99,Customer 168,899.99
10986,2026-05-07,Desk Lamp,Furniture,1,49.99,Customer 20,49.99
10722,2026-05-07,Laptop Stand,Accessories,2,39.99,Customer 183,79.98
10289,2026-05-07,Laptop Stand,Accessories,1,39.99,Customer 164,39.99
10594,2026-05-08,Office Chair,Furniture,1,229.99,Customer 74,229.99
10349,2026-05-08,Laptop Stand,Accessories,1,39.99,Customer 71,39.99
10134,2026-05-08,Monitor,Electronics,1,249.99,Customer 63,249.99
10689,2026-05-08,Monitor,Electronics,1,249.99,Customer 142,249.99
10138,2026-05-08,Monitor,Electronics,1,249.99,Customer 2,249.99
10403,2026-05-08,Wireless Mouse,Electronics,1,29.99,Customer 45,29.99
10581,2026-05-09,Standing Desk,Furniture,1,449.99,Customer 53,449.99
10901,2026-05-09,Standing Desk,Furniture,1,449.99,Customer 246,449.99
10216,2026-05-09,Laptop,Electronics,1,899.99,Customer 145,899.99
10707,2026-05-09,Backpack,Accessories,1,69.99,Customer 159,69.99
10669,2026-05-09,Standing Desk,Furniture,1,449.99,Customer 48,449.99
10426,2026-05-09,Laptop Stand,Accessories,1,39.99,Customer 150,39.99
10090,2026-05-10,Backpack,Accessories,1,69.99,Customer 155,69.99
10030,2026-05-10,Wireless Mouse,Electronics,1,29.99,Customer 203,29.99
10928,2026-05-10,Wireless Mouse,Electronics,1,29.99,Customer 116,29.99
10378,2026-05-10,Laptop,Electronics,1,899.99,Customer 159,899.99
10404,2026-05-10,Laptop Stand,Accessories,2,39.99,Customer 168,79.98
10365,2026-05-10,Monitor,Electronics,1,249.99,Customer 58,249.99
10376,2026-05-11,Office Chair,Furniture,1,229.99,Customer 185,229.99
10626,2026-05-11,Headphones,Electronics,1,79.99,Customer 129,79.99
10073,2026-05-11,Backpack,Accessories,1,69.99,Customer 131,69.99
10897,2026-05-11,Office Chair,Furniture,1,229.99,Customer 27,229.99
10541,2026-05-11,Laptop,Electronics,1,899.99,Customer 124,899.99
10145,2026-05-11,Desk Lamp,Furniture,2,49.99,Customer 122,99.98
10603,2026-05-11,Backpack,Accessories,1,69.99,Customer 240,69.99
10569,2026-05-12,Office Chair,Furniture,1,229.99,Customer 158,229.99
10995,2026-05-12,Monitor,Electronics,1,249.99,Customer 205,249.99
10889,2026-05-12,Laptop,Electronics,1,899.99,Customer 89,899.99
10175,2026-05-12,Wireless Mouse,Electronics,3,29.99,Customer 28,89.97
10017,2026-05-12,Office Chair,Furniture,1,229.99,Customer 54,229.99
10020,2026-05-12,Monitor,Electronics,1,249.99,Customer 70,249.99
10998,2026-05-12,Standing Desk,Furniture,2,449.99,Customer 141,899.98
10527,2026-05-12,Mechanical Keyboard,Electronics,1,89.99,Customer 182,89.99
10104,2026-05-12,Monitor,Electronics,4,249.99,Customer 208,999.96
10992,2026-05-13,Standing Desk,Furniture,2,449.99,Customer 127,899.98
10160,2026-05-13,Standing Desk,Furniture,2,449.99,Customer 236,899.98
10891,2026-05-13,Headphones,Electronics,1,79.99,Customer 192,79.99
10232,2026-05-13,Laptop,Electronics,2,899.99,Customer 153,1799.98
10174,2026-05-13,Office Chair,Furniture,1,229.99,Customer 247,229.99
10440,2026-05-13,Laptop Stand,Accessories,2,39.99,Customer 12,79.98
10065,2026-05-13,Monitor,Electronics,1,249.99,Customer 124,249.99
10695,2026-05-14,Office Chair,Furniture,1,229.99,Customer 140,229.99
10287,2026-05-14,Mechanical Keyboard,Electronics,1,89.99,Customer 157,89.99
10131,2026-05-14,Desk Lamp,Furniture,1,49.99,Customer 73,49.99
10745,2026-05-14,Standing Desk,Furniture,1,449.99,Customer 78,449.99
10945,2026-05-14,Laptop,Electronics,3,899.99,Customer 111,2699.9700000000003
10947,2026-05-15,Standing Desk,Furniture,1,449.99,Customer 233,449.99
10511,2026-05-15,Desk Lamp,Furniture,2,49.99,Customer 114,99.98
10224,2026-05-15,Monitor,Electronics,1,249.99,Customer 41,249.99
10607,2026-05-15,Laptop,Electronics,1,899.99,Customer 215,899.99
10388,2026-05-15,Standing Desk,Furniture,1,449.99,Customer 137,449.99
10797,2026-05-15,Laptop Stand,Accessories,2,39.99,Customer 181,79.98
10979,2026-05-15,Office Chair,Furniture,2,229.99,Customer 144,459.98
10115,2026-05-16,Headphones,Electronics,1,79.99,Customer 68,79.99
10706,2026-05-16,Standing Desk,Furniture,1,449.99,Customer 25,449.99
10906,2026-05-16,Laptop,Electronics,1,899.99,Customer 133,899.99
10965,2026-05-16,Mechanical Keyboard,Electronics,1,89.99,Customer 82,89.99
10650,2026-05-16,Wireless Mouse,Electronics,4,29.99,Customer 101,119.96
10405,2026-05-16,Wireless Mouse,Electronics,3,29.99,Customer 161,89.97
10439,2026-05-17,Mechanical Keyboard,Electronics,2,89.99,Customer 198,179.98
10800,2026-05-17,Wireless Mouse,Electronics,1,29.99,Customer 37,29.99
10957,2026-05-17,Headphones,Electronics,1,79.99,Customer 153,79.99
10164,2026-05-17,Desk Lamp,Furniture,1,49.99,Customer 98,49.99
10242,2026-05-17,Headphones,Electronics,4,79.99,Customer 112,319.96
10074,2026-05-18,Wireless Mouse,Electronics,1,29.99,Customer 18,29.99
10616,2026-05-18,Headphones,Electronics,1,79.99,Customer 87,79.99
10792,2026-05-18,Backpack,Accessories,1,69.99,Customer 51,69.99
10805,2026-05-18,Mechanical Keyboard,Electronics,1,89.99,Customer 116,89.99
10696,2026-05-18,Desk Lamp,Furniture,3,49.99,Customer 139,149.97
10609,2026-05-18,Desk Lamp,Furniture,3,49.99,Customer 247,149.97
10330,2026-05-19,Headphones,Electronics,3,79.99,Customer 243,239.96999999999997
10580,2026-05-19,Wireless Mouse,Electronics,1,29.99,Customer 81,29.99
10550,2026-05-19,Office Chair,Furniture,2,229.99,Customer 128,459.98
10655,2026-05-19,Headphones,Electronics,3,79.99,Customer 186,239.96999999999997
10681,2026-05-19,Monitor,Electronics,3,249.99,Customer 31,749.97
10401,2026-05-20,Backpack,Accessories,3,69.99,Customer 90,209.96999999999997
10434,2026-05-20,Desk Lamp,Furniture,1,49.99,Customer 36,49.99
10444,2026-05-20,Desk Lamp,Furniture,1,49.99,Customer 243,49.99
10204,2026-05-20,Mechanical Keyboard,Electronics,1,89.99,Customer 124,89.99
10691,2026-05-21,Mechanical Keyboard,Electronics,1,89.99,Customer 98,89.99
10846,2026-05-22,Standing Desk,Furniture,4,449.99,Customer 233,1799.96
10482,2026-05-22,Laptop,Electronics,2,899.99,Customer 81,1799.98
10447,2026-05-22,Mechanical Keyboard,Electronics,2,89.99,Customer 36,179.98
10882,2026-05-23,Backpack,Accessories,4,69.99,Customer 40,279.96
10542,2026-05-23,Desk Lamp,Furniture,1,49.99,Customer 37,49.99
10674,2026-05-23,Headphones,Electronics,1,79.99,Customer 21,79.99
10821,2026-05-24,Monitor,Electronics,2,249.99,Customer 151,499.98
10930,2026-05-24,Office Chair,Furniture,1,229.99,Customer 119,229.99
10433,2026-05-25,Mechanical Keyboard,Electronics,1,89.99,Customer 197,89.99
10054,2026-05-25,Desk Lamp,Furniture,1,49.99,Customer 186,49.99
10165,2026-05-25,Office Chair,Furniture,1,229.99,Customer 87,229.99
10877,2026-05-26,Headphones,Electronics,1,79.99,Customer 16,79.99
10354,2026-05-26,Backpack,Accessories,1,69.99,Customer 228,69.99
10375,2026-05-26,Backpack,Accessories,1,69.99,Customer 117,69.99
10381,2026-05-26,Headphones,Electronics,2,79.99,Customer 30,159.98
10384,2026-05-27,Laptop,Electronics,1,899.99,Customer 154,899.99
10774,2026-05-27,Laptop Stand,Accessories,1,39.99,Customer 101,39.99
10970,2026-05-27,Laptop Stand,Accessories,1,39.99,Customer 123,39.99
10985,2026-05-27,Laptop Stand,Accessories,1,39.99,Customer 27,39.99
10021,2026-05-27,Backpack,Accessories,1,69.99,Customer 216,69.99
10963,2026-05-27,Laptop,Electronics,1,899.99,Customer 205,899.99
10158,2026-05-27,Laptop Stand,Accessories,1,39.99,Customer 70,39.99
10399,2026-05-27,Office Chair,Furniture,1,229.99,Customer 44,229.99
10664,2026-05-27,Backpack,Accessories,1,69.99,Customer 71,69.99
10811,2026-05-27,Laptop,Electronics,1,899.99,Customer 71,899.99
10344,2026-05-27,Backpack,Accessories,3,69.99,Customer 12,209.96999999999997
10109,2026-05-27,Desk Lamp,Furniture,1,49.99,Customer 236,49.99
10111,2026-05-28,Monitor,Electronics,1,249.99,Customer 50,249.99
10169,2026-05-28,Office Chair,Furniture,1,229.99,Customer 200,229.99
10600,2026-05-28,Backpack,Accessories,1,69.99,Customer 14,69.99
10903,2026-05-28,Standing Desk,Furniture,1,449.99,Customer 107,449.99
10456,2026-05-28,Office Chair,Furniture,1,229.99,Customer 239,229.99
10219,2026-05-28,Laptop Stand,Accessories,2,39.99,Customer 98,79.98
10052,2026-05-29,Laptop,Electronics,1,899.99,Customer 9,899.99
10731,2026-05-29,Desk Lamp,Furniture,1,49.99,Customer 241,49.99
10022,2026-05-29,Laptop,Electronics,2,899.99,Customer 207,1799.98
10856,2026-05-29,Wireless Mouse,Electronics,1,29.99,Customer 188,29.99
10300,2026-05-29,Headphones,Electronics,1,79.99,Customer 91,79.99
10660,2026-05-30,Desk Lamp,Furniture,1,49.99,Customer 194,49.99
10443,2026-05-30,Desk Lamp,Furniture,1,49.99,Customer 80,49.99
10133,2026-05-31,Wireless Mouse,Electronics,1,29.99,Customer 58,29.99
10663,2026-05-31,Office Chair,Furniture,1,229.99,Customer 37,229.99
10455,2026-05-31,Office Chair,Furniture,1,229.99,Customer 21,229.99
10255,2026-06-01,Laptop Stand,Accessories,2,39.99,Customer 80,79.98
10476,2026-06-01,Office Chair,Furniture,2,229.99,Customer 161,459.98
10042,2026-06-01,Headphones,Electronics,1,79.99,Customer 225,79.99
10763,2026-06-01,Headphones,Electronics,1,79.99,Customer 40,79.99
10468,2026-06-01,Laptop Stand,Accessories,2,39.99,Customer 75,79.98
10599,2026-06-01,Laptop Stand,Accessories,1,39.99,Customer 172,39.99
10682,2026-06-02,Desk Lamp,Furniture,1,49.99,Customer 181,49.99
10659,2026-06-02,Laptop,Electronics,2,899.99,Customer 103,1799.98
10692,2026-06-02,Laptop Stand,Accessories,1,39.99,Customer 168,39.99
10085,2026-06-02,Wireless Mouse,Electronics,1,29.99,Customer 41,29.99
10900,2026-06-02,Laptop,Electronics,1,899.99,Customer 94,899.99
10654,2026-06-03,Monitor,Electronics,1,249.99,Customer 40,249.99
10062,2026-06-03,Desk Lamp,Furniture,2,49.99,Customer 20,99.98
10060,2026-06-03,Wireless Mouse,Electronics,1,29.99,Customer 138,29.99
10937,2026-06-03,Backpack,Accessories,1,69.99,Customer 27,69.99
10026,2026-06-03,Mechanical Keyboard,Electronics,2,89.99,Customer 138,179.98
10076,2026-06-03,Laptop Stand,Accessories,1,39.99,Customer 11,39.99
10953,2026-06-03,Backpack,Accessories,1,69.99,Customer 206,69.99
10632,2026-06-03,Monitor,Electronics,1,249.99,Customer 153,249.99
10708,2026-06-04,Backpack,Accessories,2,69.99,Customer 69,139.98
10167,2026-06-04,Standing Desk,Furniture,2,449.99,Customer 121,899.98
10308,2026-06-05,Mechanical Keyboard,Electronics,3,89.99,Customer 242,269.96999999999997
10693,2026-06-05,Office Chair,Furniture,2,229.99,Customer 126,459.98
10508,2026-06-06,Headphones,Electronics,2,79.99,Customer 55,159.98
10924,2026-06-06,Headphones,Electronics,2,79.99,Customer 238,159.98
10146,2026-06-06,Desk Lamp,Furniture,2,49.99,Customer 216,99.98
10935,2026-06-06,Headphones,Electronics,2,79.99,Customer 45,159.98
10313,2026-06-07,Laptop,Electronics,1,899.99,Customer 117,899.99
10089,2026-06-07,Mechanical Keyboard,Electronics,1,89.99,Customer 28,89.99
10228,2026-06-07,Monitor,Electronics,2,249.99,Customer 161,499.98
10223,2026-06-07,Monitor,Electronics,1,249.99,Customer 41,249.99
10536,2026-06-07,Laptop Stand,Accessories,1,39.99,Customer 197,39.99
10036,2026-06-07,Laptop,Electronics,4,899.99,Customer 196,3599.96
10188,2026-06-08,Laptop Stand,Accessories,1,39.99,Customer 63,39.99
10231,2026-06-08,Mechanical Keyboard,Electronics,2,89.99,Customer 19,179.98
10034,2026-06-08,Backpack,Accessories,2,69.99,Customer 88,139.98
10490,2026-06-08,Backpack,Accessories,2,69.99,Customer 187,139.98
10815,2026-06-08,Wireless Mouse,Electronics,2,29.99,Customer 211,59.98
10107,2026-06-08,Monitor,Electronics,1,249.99,Customer 180,249.99
10738,2026-06-09,Office Chair,Furniture,1,229.99,Customer 23,229.99
10904,2026-06-09,Office Chair,Furniture,2,229.99,Customer 147,459.98
10149,2026-06-09,Monitor,Electronics,1,249.99,Customer 229,249.99
10597,2026-06-09,Backpack,Accessories,3,69.99,Customer 179,209.96999999999997
10451,2026-06-09,Mechanical Keyboard,Electronics,1,89.99,Customer 132,89.99
10948,2026-06-10,Mechanical Keyboard,Electronics,1,89.99,Customer 227,89.99
10298,2026-06-10,Standing Desk,Furniture,1,449.99,Customer 222,449.99
10747,2026-06-10,Standing Desk,Furniture,1,449.99,Customer 124,449.99
10530,2026-06-10,Backpack,Accessories,1,69.99,Customer 78,69.99
10589,2026-06-11,Monitor,Electronics,1,249.99,Customer 58,249.99
10166,2026-06-11,Standing Desk,Furniture,2,449.99,Customer 213,899.98
10881,2026-06-11,Mechanical Keyboard,Electronics,1,89.99,Customer 21,89.99
10757,2026-06-11,Standing Desk,Furniture,2,449.99,Customer 101,899.98
10189,2026-06-11,Wireless Mouse,Electronics,2,29.99,Customer 63,59.98
10367,2026-06-11,Wireless Mouse,Electronics,1,29.99,Customer 207,29.99
10206,2026-06-12,Laptop Stand,Accessories,4,39.99,Customer 214,159.96
10684,2026-06-12,Office Chair,Furniture,1,229.99,Customer 137,229.99
10425,2026-06-12,Standing Desk,Furniture,1,449.99,Customer 219,449.99
10253,2026-06-13,Mechanical Keyboard,Electronics,1,89.99,Customer 179,89.99
10556,2026-06-13,Desk Lamp,Furniture,1,49.99,Customer 217,49.99
10560,2026-06-13,Backpack,Accessories,1,69.99,Customer 130,69.99
10291,2026-06-13,Desk Lamp,Furniture,1,49.99,Customer 41,49.99
10485,2026-06-13,Monitor,Electronics,1,249.99,Customer 200,249.99
10068,2026-06-13,Desk Lamp,Furniture,1,49.99,Customer 246,49.99
10592,2026-06-13,Headphones,Electronics,1,79.99,Customer 174,79.99
10590,2026-06-13,Headphones,Electronics,2,79.99,Customer 177,159.98
10509,2026-06-13,Laptop Stand,Accessories,1,39.99,Customer 126,39.99
10233,2026-06-13,Laptop Stand,Accessories,1,39.99,Customer 120,39.99
10826,2026-06-14,Headphones,Electronics,1,79.99,Customer 244,79.99
10226,2026-06-14,Desk Lamp,Furniture,1,49.99,Customer 74,49.99
10777,2026-06-15,Wireless Mouse,Electronics,1,29.99,Customer 247,29.99
10207,2026-06-15,Monitor,Electronics,1,249.99,Customer 46,249.99
10309,2026-06-15,Desk Lamp,Furniture,2,49.99,Customer 87,99.98
10870,2026-06-15,Standing Desk,Furniture,1,449.99,Customer 201,449.99
10996,2026-06-15,Laptop,Electronics,1,899.99,Customer 67,899.99
10035,2026-06-15,Wireless Mouse,Electronics,1,29.99,Customer 117,29.99
10070,2026-06-15,Monitor,Electronics,1,249.99,Customer 15,249.99
10711,2026-06-16,Monitor,Electronics,1,249.99,Customer 218,249.99
10514,2026-06-16,Headphones,Electronics,2,79.99,Customer 183,159.98
10540,2026-06-16,Standing Desk,Furniture,1,449.99,Customer 177,449.99
10123,2026-06-16,Wireless Mouse,Electronics,1,29.99,Customer 171,29.99
10156,2026-06-16,Office Chair,Furniture,2,229.99,Customer 219,459.98
10910,2026-06-17,Laptop Stand,Accessories,2,39.99,Customer 63,79.98
10680,2026-06-17,Office Chair,Furniture,3,229.99,Customer 4,689.97
10128,2026-06-17,Laptop,Electronics,1,899.99,Customer 111,899.99
10464,2026-06-17,Monitor,Electronics,1,249.99,Customer 62,249.99
10345,2026-06-17,Backpack,Accessories,1,69.99,Customer 247,69.99
10100,2026-06-18,Laptop,Electronics,1,899.99,Customer 239,899.99
10685,2026-06-18,Office Chair,Furniture,1,229.99,Customer 132,229.99
10916,2026-06-18,Standing Desk,Furniture,1,449.99,Customer 136,449.99
10574,2026-06-18,Laptop Stand,Accessories,2,39.99,Customer 186,79.98
10199,2026-06-18,Monitor,Electronics,1,249.99,Customer 95,249.99
10202,2026-06-18,Headphones,Electronics,1,79.99,Customer 31,79.99
10221,2026-06-18,Standing Desk,Furniture,1,449.99,Customer 16,449.99
10908,2026-06-19,Headphones,Electronics,1,79.99,Customer 142,79.99
10303,2026-06-19,Laptop,Electronics,2,899.99,Customer 9,1799.98
10429,2026-06-19,Wireless Mouse,Electronics,1,29.99,Customer 165,29.99
10887,2026-06-19,Laptop,Electronics,1,899.99,Customer 169,899.99
10884,2026-06-19,Wireless Mouse,Electronics,1,29.99,Customer 187,29.99
10412,2026-06-19,Wireless Mouse,Electronics,1,29.99,Customer 10,29.99
10203,2026-06-20,Monitor,Electronics,1,249.99,Customer 138,249.99
10024,2026-06-20,Laptop Stand,Accessories,1,39.99,Customer 128,39.99
10865,2026-06-20,Standing Desk,Furniture,2,449.99,Customer 64,899.98
10929,2026-06-20,Desk Lamp,Furniture,1,49.99,Customer 138,49.99
10799,2026-06-20,Mechanical Keyboard,Electronics,1,89.99,Customer 79,89.99
10392,2026-06-20,Wireless Mouse,Electronics,1,29.99,Customer 147,29.99
10357,2026-06-20,Standing Desk,Furniture,1,449.99,Customer 96,449.99
10721,2026-06-20,Mechanical Keyboard,Electronics,1,89.99,Customer 54,89.99
10687,2026-06-21,Desk Lamp,Furniture,3,49.99,Customer 95,149.97
10755,2026-06-21,Standing Desk,Furniture,1,449.99,Customer 178,449.99
10591,2026-06-21,Desk Lamp,Furniture,1,49.99,Customer 144,49.99
10543,2026-06-21,Office Chair,Furniture,2,229.99,Customer 221,459.98
10417,2026-06-22,Monitor,Electronics,1,249.99,Customer 129,249.99
10244,2026-06-22,Office Chair,Furniture,1,229.99,Customer 220,229.99
10268,2026-06-22,Desk Lamp,Furniture,2,49.99,Customer 179,99.98
10621,2026-06-22,Desk Lamp,Furniture,3,49.99,Customer 2,149.97
10605,2026-06-22,Headphones,Electronics,1,79.99,Customer 16,79.99
10840,2026-06-22,Headphones,Electronics,2,79.99,Customer 87,159.98
10248,2026-06-22,Headphones,Electronics,1,79.99,Customer 198,79.99
10340,2026-06-22,Laptop Stand,Accessories,1,39.99,Customer 68,39.99
10549,2026-06-23,Mechanical Keyboard,Electronics,3,89.99,Customer 185,269.96999999999997
10883,2026-06-23,Backpack,Accessories,1,69.99,Customer 163,69.99
10305,2026-06-23,Headphones,Electronics,2,79.99,Customer 45,159.98
10124,2026-06-23,Standing Desk,Furniture,1,449.99,Customer 76,449.99
10493,2026-06-23,Wireless Mouse,Electronics,1,29.99,Customer 79,29.99
10933,2026-06-23,Monitor,Electronics,1,249.99,Customer 183,249.99
10114,2026-06-24,Backpack,Accessories,3,69.99,Customer 30,209.96999999999997
10623,2026-06-24,Headphones,Electronics,1,79.99,Customer 186,79.99
10112,2026-06-24,Standing Desk,Furniture,1,449.99,Customer 18,449.99
10278,2026-06-24,Wireless Mouse,Electronics,2,29.99,Customer 220,59.98
10771,2026-06-24,Standing Desk,Furniture,3,449.99,Customer 111,1349.97
10615,2026-06-24,Wireless Mouse,Electronics,1,29.99,Customer 118,29.99
10971,2026-06-24,Laptop,Electronics,3,899.99,Customer 52,2699.9700000000003
10201,2026-06-24,Backpack,Accessories,1,69.99,Customer 117,69.99
10335,2026-06-24,Monitor,Electronics,2,249.99,Customer 202,499.98
10245,2026-06-24,Mechanical Keyboard,Electronics,1,89.99,Customer 127,89.99
10725,2026-06-24,Backpack,Accessories,1,69.99,Customer 190,69.99
10915,2026-06-25,Laptop,Electronics,1,899.99,Customer 169,899.99
10751,2026-06-25,Standing Desk,Furniture,2,449.99,Customer 98,899.98
10050,2026-06-26,Wireless Mouse,Electronics,1,29.99,Customer 142,29.99
10372,2026-06-26,Headphones,Electronics,1,79.99,Customer 47,79.99
10534,2026-06-26,Laptop Stand,Accessories,2,39.99,Customer 145,79.98
10423,2026-06-26,Standing Desk,Furniture,1,449.99,Customer 14,449.99
10277,2026-06-26,Headphones,Electronics,1,79.99,Customer 102,79.99
10999,2026-06-26,Wireless Mouse,Electronics,1,29.99,Customer 158,29.99
10008,2026-06-27,Standing Desk,Furniture,1,449.99,Customer 56,449.99
10263,2026-06-27,Standing Desk,Furniture,3,449.99,Customer 130,1349.97
10091,2026-06-27,Monitor,Electronics,1,249.99,Customer 163,249.99
10972,2026-06-27,Mechanical Keyboard,Electronics,2,89.99,Customer 236,179.98
10193,2026-06-27,Headphones,Electronics,1,79.99,Customer 153,79.99
10728,2026-06-27,Wireless Mouse,Electronics,1,29.99,Customer 158,29.99
10842,2026-06-27,Desk Lamp,Furniture,2,49.99,Customer 196,99.98
10181,2026-06-28,Laptop,Electronics,1,899.99,Customer 170,899.99
10010,2026-06-28,Office Chair,Furniture,1,229.99,Customer 207,229.99
10776,2026-06-28,Mechanical Keyboard,Electronics,4,89.99,Customer 124,359.96
10528,2026-06-28,Monitor,Electronics,3,249.99,Customer 133,749.97
10595,2026-06-28,Wireless Mouse,Electronics,3,29.99,Customer 168,89.97
10987,2026-06-28,Monitor,Electronics,4,249.99,Customer 43,999.96
10110,2026-06-29,Desk Lamp,Furniture,1,49.99,Customer 204,49.99
10796,2026-06-29,Wireless Mouse,Electronics,1,29.99,Customer 118,29.99
10993,2026-06-29,Standing Desk,Furniture,1,449.99,Customer 26,449.99
10113,2026-06-29,Headphones,Electronics,1,79.99,Customer 103,79.99
10779,2026-06-29,Mechanical Keyboard,Electronics,1,89.99,Customer 117,89.99
10427,2026-06-29,Mechanical Keyboard,Electronics,1,89.99,Customer 168,89.99
10366,2026-06-29,Wireless Mouse,Electronics,2,29.99,Customer 95,59.98
10495,2026-06-29,Desk Lamp,Furniture,1,49.99,Customer 187,49.99
10364,2026-06-30,Headphones,Electronics,1,79.99,Customer 130,79.99
10057,2026-06-30,Standing Desk,Furniture,1,449.99,Customer 120,449.99
10964,2026-06-30,Standing Desk,Furniture,3,449.99,Customer 217,1349.97
10587,2026-06-30,Backpack,Accessories,1,69.99,Customer 223,69.99
10554,2026-06-30,Laptop Stand,Accessories,1,39.99,Customer 73,39.99
10102,2026-06-30,Wireless Mouse,Electronics,2,29.99,Customer 227,59.98
10362,2026-06-30,Standing Desk,Furniture,2,449.99,Customer 241,899.98
10101,2026-07-01,Laptop,Electronics,1,899.99,Customer 64,899.99
10285,2026-07-01,Headphones,Electronics,1,79.99,Customer 38,79.99
10296,2026-07-01,Laptop Stand,Accessories,1,39.99,Customer 180,39.99
10934,2026-07-01,Monitor,Electronics,1,249.99,Customer 13,249.99
10960,2026-07-01,Backpack,Accessories,2,69.99,Customer 60,139.98
10339,2026-07-01,Laptop,Electronics,2,899.99,Customer 61,1799.98
10980,2026-07-01,Laptop Stand,Accessories,1,39.99,Customer 151,39.99
10028,2026-07-02,Standing Desk,Furniture,1,449.99,Customer 36,449.99
10251,2026-07-02,Backpack,Accessories,1,69.99,Customer 128,69.99
10515,2026-07-02,Mechanical Keyboard,Electronics,1,89.99,Customer 32,89.99
10013,2026-07-02,Laptop Stand,Accessories,1,39.99,Customer 181,39.99
10873,2026-07-02,Laptop,Electronics,3,899.99,Customer 34,2699.9700000000003
10748,2026-07-02,Wireless Mouse,Electronics,1,29.99,Customer 64,29.99
10501,2026-07-02,Office Chair,Furniture,1,229.99,Customer 146,229.99
10184,2026-07-02,Standing Desk,Furniture,1,449.99,Customer 213,449.99
10432,2026-07-02,Backpack,Accessories,1,69.99,Customer 80,69.99
10517,2026-07-02,Laptop,Electronics,1,899.99,Customer 95,899.99
10312,2026-07-03,Backpack,Accessories,1,69.99,Customer 102,69.99
10441,2026-07-03,Standing Desk,Furniture,1,449.99,Customer 61,449.99
10304,2026-07-03,Laptop Stand,Accessories,2,39.99,Customer 24,79.98
10121,2026-07-03,Monitor,Electronics,1,249.99,Customer 243,249.99
10564,2026-07-03,Backpack,Accessories,2,69.99,Customer 51,139.98
10628,2026-07-04,Headphones,Electronics,1,79.99,Customer 57,79.99
10675,2026-07-04,Desk Lamp,Furniture,1,49.99,Customer 186,49.99
10413,2026-07-04,Laptop,Electronics,2,899.99,Customer 20,1799.98
10911,2026-07-04,Desk Lamp,Furniture,1,49.99,Customer 127,49.99
10849,2026-07-05,Wireless Mouse,Electronics,1,29.99,Customer 167,29.99
10563,2026-07-05,Standing Desk,Furniture,2,449.99,Customer 87,899.98
10503,2026-07-05,Office Chair,Furniture,1,229.99,Customer 20,229.99
10647,2026-07-05,Standing Desk,Furniture,4,449.99,Customer 98,1799.96
10630,2026-07-05,Laptop Stand,Accessories,1,39.99,Customer 141,39.99
10422,2026-07-05,Office Chair,Furniture,3,229.99,Customer 100,689.97
10039,2026-07-05,Mechanical Keyboard,Electronics,2,89.99,Customer 139,179.98
10648,2026-07-06,Desk Lamp,Furniture,1,49.99,Customer 175,49.99
10764,2026-07-06,Standing Desk,Furniture,1,449.99,Customer 154,449.99
10981,2026-07-06,Mechanical Keyboard,Electronics,1,89.99,Customer 177,89.99
10735,2026-07-07,Mechanical Keyboard,Electronics,2,89.99,Customer 163,179.98
10351,2026-07-07,Office Chair,Furniture,4,229.99,Customer 136,919.96
10593,2026-07-07,Backpack,Accessories,2,69.99,Customer 102,139.98
10315,2026-07-07,Laptop Stand,Accessories,2,39.99,Customer 241,79.98
10578,2026-07-07,Laptop Stand,Accessories,1,39.99,Customer 175,39.99
10279,2026-07-07,Backpack,Accessories,3,69.99,Customer 161,209.96999999999997
10016,2026-07-07,Wireless Mouse,Electronics,1,29.99,Customer 163,29.99
10108,2026-07-07,Wireless Mouse,Electronics,2,29.99,Customer 220,59.98
10742,2026-07-08,Office Chair,Furniture,1,229.99,Customer 106,229.99
10261,2026-07-08,Mechanical Keyboard,Electronics,1,89.99,Customer 154,89.99
10271,2026-07-08,Standing Desk,Furniture,4,449.99,Customer 203,1799.96
10488,2026-07-08,Desk Lamp,Furniture,1,49.99,Customer 48,49.99
10118,2026-07-08,Wireless Mouse,Electronics,2,29.99,Customer 49,59.98
10622,2026-07-08,Headphones,Electronics,1,79.99,Customer 193,79.99
10802,2026-07-08,Laptop Stand,Accessories,1,39.99,Customer 125,39.99
10801,2026-07-09,Backpack,Accessories,1,69.99,Customer 36,69.99
10154,2026-07-09,Standing Desk,Furniture,3,449.99,Customer 150,1349.97
10507,2026-07-09,Backpack,Accessories,3,69.99,Customer 31,209.96999999999997
10795,2026-07-09,Laptop Stand,Accessories,1,39.99,Customer 151,39.99
10736,2026-07-09,Mechanical Keyboard,Electronics,1,89.99,Customer 28,89.99
10983,2026-07-10,Laptop Stand,Accessories,2,39.99,Customer 198,79.98
10398,2026-07-11,Wireless Mouse,Electronics,2,29.99,Customer 191,59.98
10729,2026-07-11,Laptop Stand,Accessories,3,39.99,Customer 84,119.97
10177,2026-07-11,Standing Desk,Furniture,3,449.99,Customer 51,1349.97
10683,2026-07-11,Monitor,Electronics,3,249.99,Customer 142,749.97
10788,2026-07-11,Standing Desk,Furniture,1,449.99,Customer 158,449.99
10080,2026-07-11,Headphones,Electronics,1,79.99,Customer 166,79.99
10642,2026-07-11,Laptop,Electronics,1,899.99,Customer 1,899.99
10066,2026-07-12,Monitor,Electronics,3,249.99,Customer 43,749.97
10544,2026-07-12,Office Chair,Furniture,1,229.99,Customer 95,229.99
10907,2026-07-12,Laptop,Electronics,1,899.99,Customer 120,899.99
10023,2026-07-12,Office Chair,Furniture,1,229.99,Customer 55,229.99
10075,2026-07-13,Monitor,Electronics,1,249.99,Customer 228,249.99
10834,2026-07-13,Wireless Mouse,Electronics,1,29.99,Customer 72,29.99
10787,2026-07-13,Monitor,Electronics,1,249.99,Customer 48,249.99
10394,2026-07-13,Wireless Mouse,Electronics,1,29.99,Customer 84,29.99
10936,2026-07-13,Laptop,Electronics,2,899.99,Customer 143,1799.98
10558,2026-07-13,Office Chair,Furniture,1,229.99,Customer 103,229.99
10740,2026-07-14,Backpack,Accessories,1,69.99,Customer 23,69.99
10762,2026-07-14,Wireless Mouse,Electronics,1,29.99,Customer 36,29.99
10056,2026-07-14,Desk Lamp,Furniture,1,49.99,Customer 25,49.99
10225,2026-07-14,Laptop,Electronics,1,899.99,Customer 153,899.99
10355,2026-07-15,Monitor,Electronics,1,249.99,Customer 117,249.99
10862,2026-07-15,Mechanical Keyboard,Electronics,1,89.99,Customer 114,89.99
10105,2026-07-15,Mechanical Keyboard,Electronics,1,89.99,Customer 189,89.99
10688,2026-07-15,Office Chair,Furniture,1,229.99,Customer 222,229.99
10106,2026-07-15,Office Chair,Furniture,2,229.99,Customer 222,459.98
10601,2026-07-15,Wireless Mouse,Electronics,1,29.99,Customer 121,29.99
10324,2026-07-16,Mechanical Keyboard,Electronics,1,89.99,Customer 214,89.99
10152,2026-07-16,Wireless Mouse,Electronics,1,29.99,Customer 139,29.99
10454,2026-07-16,Laptop,Electronics,1,899.99,Customer 129,899.99
10879,2026-07-16,Backpack,Accessories,1,69.99,Customer 103,69.99
10470,2026-07-16,Laptop Stand,Accessories,1,39.99,Customer 172,39.99
10537,2026-07-16,Laptop Stand,Accessories,1,39.99,Customer 8,39.99
10356,2026-07-16,Standing Desk,Furniture,2,449.99,Customer 81,899.98
10218,2026-07-16,Backpack,Accessories,1,69.99,Customer 203,69.99
10136,2026-07-16,Desk Lamp,Furniture,2,49.99,Customer 148,99.98
10153,2026-07-16,Desk Lamp,Furniture,1,49.99,Customer 214,49.99
10323,2026-07-17,Backpack,Accessories,1,69.99,Customer 187,69.99
10917,2026-07-17,Monitor,Electronics,1,249.99,Customer 16,249.99
10183,2026-07-17,Laptop,Electronics,2,899.99,Customer 28,1799.98
10006,2026-07-17,Backpack,Accessories,1,69.99,Customer 151,69.99
10653,2026-07-18,Backpack,Accessories,1,69.99,Customer 211,69.99
10046,2026-07-18,Laptop Stand,Accessories,3,39.99,Customer 238,119.97
10463,2026-07-18,Backpack,Accessories,1,69.99,Customer 74,69.99
10139,2026-07-18,Wireless Mouse,Electronics,1,29.99,Customer 206,29.99
10855,2026-07-18,Wireless Mouse,Electronics,1,29.99,Customer 123,29.99
10619,2026-07-19,Standing Desk,Furniture,1,449.99,Customer 23,449.99
10851,2026-07-19,Monitor,Electronics,1,249.99,Customer 181,249.99
10893,2026-07-19,Office Chair,Furniture,1,229.99,Customer 17,229.99
10347,2026-07-19,Standing Desk,Furniture,1,449.99,Customer 126,449.99
10839,2026-07-19,Monitor,Electronics,2,249.99,Customer 127,499.98
10144,2026-07-19,Backpack,Accessories,2,69.99,Customer 141,139.98
10739,2026-07-20,Mechanical Keyboard,Electronics,1,89.99,Customer 143,89.99
10557,2026-07-20,Wireless Mouse,Electronics,1,29.99,Customer 68,29.99
10525,2026-07-20,Mechanical Keyboard,Electronics,1,89.99,Customer 223,89.99
10732,2026-07-20,Standing Desk,Furniture,1,449.99,Customer 150,449.99
10382,2026-07-20,Office Chair,Furniture,1,229.99,Customer 174,229.99
10391,2026-07-21,Laptop,Electronics,1,899.99,Customer 236,899.99
10397,2026-07-21,Monitor,Electronics,1,249.99,Customer 135,249.99
10452,2026-07-21,Mechanical Keyboard,Electronics,1,89.99,Customer 234,89.99
10117,2026-07-21,Office Chair,Furniture,1,229.99,Customer 131,229.99
10487,2026-07-21,Office Chair,Furniture,2,229.99,Customer 191,459.98
10781,2026-07-22,Wireless Mouse,Electronics,2,29.99,Customer 116,59.98
10761,2026-07-22,Monitor,Electronics,2,249.99,Customer 213,499.98
10820,2026-07-22,Wireless Mouse,Electronics,2,29.99,Customer 31,59.98
10752,2026-07-22,Office Chair,Furniture,1,229.99,Customer 209,229.99
10148,2026-07-22,Headphones,Electronics,1,79.99,Customer 74,79.99
10861,2026-07-22,Mechanical Keyboard,Electronics,1,89.99,Customer 55,89.99
10445,2026-07-22,Laptop Stand,Accessories,1,39.99,Customer 73,39.99
10845,2026-07-22,Mechanical Keyboard,Electronics,1,89.99,Customer 246,89.99
10220,2026-07-23,Desk Lamp,Furniture,1,49.99,Customer 151,49.99
10283,2026-07-23,Wireless Mouse,Electronics,1,29.99,Customer 77,29.99
10327,2026-07-23,Desk Lamp,Furniture,3,49.99,Customer 219,149.97
10130,2026-07-23,Desk Lamp,Furniture,1,49.99,Customer 131,49.99
10637,2026-07-23,Backpack,Accessories,1,69.99,Customer 53,69.99
10292,2026-07-23,Wireless Mouse,Electronics,3,29.99,Customer 151,89.97
10460,2026-07-24,Desk Lamp,Furniture,1,49.99,Customer 232,49.99
10989,2026-07-24,Office Chair,Furniture,1,229.99,Customer 54,229.99
10407,2026-07-24,Laptop Stand,Accessories,1,39.99,Customer 226,39.99
10266,2026-07-24,Mechanical Keyboard,Electronics,1,89.99,Customer 89,89.99
10416,2026-07-25,Laptop,Electronics,3,899.99,Customer 147,2699.9700000000003
10926,2026-07-25,Office Chair,Furniture,1,229.99,Customer 20,229.99
10049,2026-07-25,Backpack,Accessories,1,69.99,Customer 58,69.99
10819,2026-07-25,Laptop,Electronics,1,899.99,Customer 221,899.99
10453,2026-07-25,Monitor,Electronics,2,249.99,Customer 239,499.98
10522,2026-07-25,Wireless Mouse,Electronics,1,29.99,Customer 133,29.99
10789,2026-07-25,Monitor,Electronics,1,249.99,Customer 100,249.99
10352,2026-07-26,Headphones,Electronics,1,79.99,Customer 111,79.99
10612,2026-07-26,Headphones,Electronics,4,79.99,Customer 140,319.96
10701,2026-07-26,Backpack,Accessories,1,69.99,Customer 159,69.99
10835,2026-07-26,Office Chair,Furniture,3,229.99,Customer 84,689.97
10640,2026-07-26,Standing Desk,Furniture,1,449.99,Customer 144,449.99
10294,2026-07-26,Headphones,Electronics,2,79.99,Customer 51,159.98
10141,2026-07-26,Wireless Mouse,Electronics,1,29.99,Customer 119,29.99
10586,2026-07-27,Mechanical Keyboard,Electronics,3,89.99,Customer 88,269.96999999999997
10481,2026-07-27,Wireless Mouse,Electronics,1,29.99,Customer 52,29.99
10694,2026-07-27,Desk Lamp,Furniture,1,49.99,Customer 204,49.99
10553,2026-07-27,Backpack,Accessories,3,69.99,Customer 56,209.96999999999997
10011,2026-07-27,Laptop,Electronics,1,899.99,Customer 250,899.99
10920,2026-07-27,Office Chair,Furniture,4,229.99,Customer 22,919.96
10290,2026-07-27,Headphones,Electronics,1,79.99,Customer 3,79.99
10081,2026-07-27,Headphones,Electronics,1,79.99,Customer 193,79.99
10837,2026-07-27,Wireless Mouse,Electronics,1,29.99,Customer 179,29.99
10250,2026-07-28,Backpack,Accessories,1,69.99,Customer 49,69.99
10140,2026-07-28,Backpack,Accessories,1,69.99,Customer 64,69.99
10406,2026-07-28,Desk Lamp,Furniture,2,49.99,Customer 195,99.98
10173,2026-07-29,Monitor,Electronics,1,249.99,Customer 197,249.99
10551,2026-07-29,Backpack,Accessories,1,69.99,Customer 79,69.99
10686,2026-07-29,Desk Lamp,Furniture,1,49.99,Customer 185,49.99
10614,2026-07-29,Backpack,Accessories,1,69.99,Customer 208,69.99
10032,2026-07-29,Laptop Stand,Accessories,1,39.99,Customer 249,39.99
10310,2026-07-29,Wireless Mouse,Electronics,3,29.99,Customer 37,89.97
10212,2026-07-30,Headphones,Electronics,1,79.99,Customer 88,79.99
10241,2026-07-30,Mechanical Keyboard,Electronics,1,89.99,Customer 114,89.99
10875,2026-07-30,Mechanical Keyboard,Electronics,3,89.99,Customer 198,269.96999999999997
10645,2026-07-30,Wireless Mouse,Electronics,1,29.99,Customer 105,29.99
10410,2026-07-30,Wireless Mouse,Electronics,1,29.99,Customer 78,29.99
10260,2026-07-30,Desk Lamp,Furniture,1,49.99,Customer 142,49.99
10484,2026-07-31,Backpack,Accessories,1,69.99,Customer 193,69.99
10670,2026-07-31,Backpack,Accessories,1,69.99,Customer 58,69.99
10714,2026-07-31,Backpack,Accessories,1,69.99,Customer 3,69.99
10572,2026-07-31,Headphones,Electronics,2,79.99,Customer 95,159.98
10955,2026-08-01,Office Chair,Furniture,1,229.99,Customer 125,229.99
10951,2026-08-01,Backpack,Accessories,1,69.99,Customer 72,69.99
10754,2026-08-01,Monitor,Electronics,1,249.99,Customer 247,249.99
10577,2026-08-01,Laptop Stand,Accessories,1,39.99,Customer 162,39.99
10596,2026-08-01,Headphones,Electronics,1,79.99,Customer 212,79.99
10679,2026-08-01,Monitor,Electronics,1,249.99,Customer 233,249.99
10629,2026-08-01,Mechanical Keyboard,Electronics,1,89.99,Customer 192,89.99
10604,2026-08-01,Desk Lamp,Furniture,1,49.99,Customer 194,49.99
10295,2026-08-02,Standing Desk,Furniture,1,449.99,Customer 98,449.99
10187,2026-08-02,Backpack,Accessories,1,69.99,Customer 212,69.99
10539,2026-08-02,Headphones,Electronics,1,79.99,Customer 207,79.99
10702,2026-08-02,Laptop Stand,Accessories,1,39.99,Customer 5,39.99
10159,2026-08-03,Standing Desk,Furniture,1,449.99,Customer 87,449.99
10807,2026-08-03,Laptop,Electronics,1,899.99,Customer 209,899.99
10192,2026-08-03,Mechanical Keyboard,Electronics,1,89.99,Customer 205,89.99
10383,2026-08-03,Laptop Stand,Accessories,1,39.99,Customer 79,39.99
10380,2026-08-03,Standing Desk,Furniture,1,449.99,Customer 107,449.99
10810,2026-08-04,Desk Lamp,Furniture,1,49.99,Customer 145,49.99
10638,2026-08-04,Laptop Stand,Accessories,1,39.99,Customer 131,39.99
10831,2026-08-04,Standing Desk,Furniture,1,449.99,Customer 162,449.99
10029,2026-08-05,Backpack,Accessories,1,69.99,Customer 13,69.99
10746,2026-08-05,Headphones,Electronics,1,79.99,Customer 43,79.99
10272,2026-08-05,Mechanical Keyboard,Electronics,3,89.99,Customer 33,269.96999999999997
10613,2026-08-05,Backpack,Accessories,2,69.99,Customer 35,139.98
10968,2026-08-05,Monitor,Electronics,1,249.99,Customer 45,249.99
10321,2026-08-05,Headphones,Electronics,1,79.99,Customer 61,79.99
10871,2026-08-05,Monitor,Electronics,1,249.99,Customer 62,249.99
10896,2026-08-06,Laptop,Electronics,2,899.99,Customer 43,1799.98
10258,2026-08-06,Mechanical Keyboard,Electronics,3,89.99,Customer 75,269.96999999999997
10895,2026-08-06,Wireless Mouse,Electronics,1,29.99,Customer 93,29.99
10946,2026-08-06,Standing Desk,Furniture,1,449.99,Customer 175,449.99
10389,2026-08-07,Monitor,Electronics,1,249.99,Customer 172,249.99
10446,2026-08-07,Standing Desk,Furniture,1,449.99,Customer 248,449.99
10582,2026-08-07,Standing Desk,Furniture,2,449.99,Customer 236,899.98
10037,2026-08-08,Mechanical Keyboard,Electronics,3,89.99,Customer 223,269.96999999999997
10878,2026-08-08,Standing Desk,Furniture,1,449.99,Customer 183,449.99
10092,2026-08-08,Headphones,Electronics,1,79.99,Customer 232,79.99
10436,2026-08-08,Wireless Mouse,Electronics,2,29.99,Customer 214,59.98
10565,2026-08-09,Laptop Stand,Accessories,1,39.99,Customer 11,39.99
10400,2026-08-09,Wireless Mouse,Electronics,1,29.99,Customer 136,29.99
10343,2026-08-10,Office Chair,Furniture,1,229.99,Customer 116,229.99
10483,2026-08-10,Headphones,Electronics,1,79.99,Customer 209,79.99
10249,2026-08-10,Standing Desk,Furniture,2,449.99,Customer 1,899.98
10498,2026-08-10,Office Chair,Furniture,2,229.99,Customer 174,459.98
10567,2026-08-11,Desk Lamp,Furniture,1,49.99,Customer 156,49.99
10785,2026-08-11,Monitor,Electronics,1,249.99,Customer 41,249.99
10773,2026-08-11,Backpack,Accessories,1,69.99,Customer 177,69.99
10890,2026-08-11,Backpack,Accessories,2,69.99,Customer 185,139.98
10780,2026-08-12,Monitor,Electronics,1,249.99,Customer 122,249.99
10147,2026-08-12,Headphones,Electronics,1,79.99,Customer 62,79.99
10078,2026-08-12,Laptop Stand,Accessories,1,39.99,Customer 67,39.99
10919,2026-08-12,Monitor,Electronics,1,249.99,Customer 230,249.99
10585,2026-08-13,Desk Lamp,Furniture,1,49.99,Customer 245,49.99
10668,2026-08-13,Standing Desk,Furniture,1,449.99,Customer 107,449.99
10471,2026-08-13,Wireless Mouse,Electronics,4,29.99,Customer 18,119.96
10697,2026-08-13,Laptop,Electronics,1,899.99,Customer 217,899.99
10421,2026-08-13,Desk Lamp,Furniture,1,49.99,Customer 41,49.99
10633,2026-08-13,Wireless Mouse,Electronics,1,29.99,Customer 181,29.99
10520,2026-08-13,Desk Lamp,Furniture,1,49.99,Customer 105,49.99
10307,2026-08-14,Office Chair,Furniture,1,229.99,Customer 70,229.99
10673,2026-08-14,Backpack,Accessories,1,69.99,Customer 63,69.99
10286,2026-08-14,Monitor,Electronics,1,249.99,Customer 175,249.99
10704,2026-08-14,Laptop,Electronics,2,899.99,Customer 138,1799.98
10860,2026-08-14,Wireless Mouse,Electronics,1,29.99,Customer 157,29.99
10717,2026-08-14,Wireless Mouse,Electronics,3,29.99,Customer 59,89.97
10794,2026-08-14,Desk Lamp,Furniture,3,49.99,Customer 81,149.97
10962,2026-08-15,Headphones,Electronics,2,79.99,Customer 235,159.98
10571,2026-08-15,Backpack,Accessories,1,69.99,Customer 145,69.99
10703,2026-08-15,Laptop,Electronics,1,899.99,Customer 4,899.99
10531,2026-08-15,Laptop Stand,Accessories,1,39.99,Customer 165,39.99
10044,2026-08-15,Wireless Mouse,Electronics,2,29.99,Customer 33,59.98
10120,2026-08-16,Backpack,Accessories,1,69.99,Customer 241,69.99
10636,2026-08-16,Laptop Stand,Accessories,1,39.99,Customer 84,39.99
10631,2026-08-16,Desk Lamp,Furniture,2,49.99,Customer 212,99.98
10467,2026-08-16,Laptop Stand,Accessories,1,39.99,Customer 132,39.99
10157,2026-08-16,Standing Desk,Furniture,2,449.99,Customer 140,899.98
10812,2026-08-16,Monitor,Electronics,1,249.99,Customer 200,249.99
10235,2026-08-17,Backpack,Accessories,1,69.99,Customer 21,69.99
10914,2026-08-17,Monitor,Electronics,1,249.99,Customer 215,249.99
10337,2026-08-17,Mechanical Keyboard,Electronics,1,89.99,Customer 45,89.99
10168,2026-08-17,Laptop,Electronics,1,899.99,Customer 244,899.99
10280,2026-08-17,Desk Lamp,Furniture,1,49.99,Customer 18,49.99
10071,2026-08-17,Laptop Stand,Accessories,1,39.99,Customer 81,39.99
10816,2026-08-17,Office Chair,Furniture,2,229.99,Customer 11,459.98
10086,2026-08-18,Desk Lamp,Furniture,2,49.99,Customer 157,99.98
10817,2026-08-18,Desk Lamp,Furniture,1,49.99,Customer 109,49.99
10720,2026-08-18,Headphones,Electronics,1,79.99,Customer 9,79.99
10759,2026-08-18,Laptop Stand,Accessories,1,39.99,Customer 197,39.99
10472,2026-08-18,Backpack,Accessories,1,69.99,Customer 130,69.99
10492,2026-08-18,Mechanical Keyboard,Electronics,1,89.99,Customer 27,89.99
10912,2026-08-18,Monitor,Electronics,2,249.99,Customer 63,499.98
10098,2026-08-18,Mechanical Keyboard,Electronics,1,89.99,Customer 95,89.99
10766,2026-08-18,Standing Desk,Furniture,1,449.99,Customer 248,449.99
10462,2026-08-19,Mechanical Keyboard,Electronics,3,89.99,Customer 156,269.96999999999997
10045,2026-08-19,Desk Lamp,Furniture,1,49.99,Customer 136,49.99
10814,2026-08-19,Desk Lamp,Furniture,1,49.99,Customer 147,49.99
10561,2026-08-19,Desk Lamp,Furniture,1,49.99,Customer 160,49.99
10063,2026-08-19,Desk Lamp,Furniture,1,49.99,Customer 167,49.99
10635,2026-08-19,Laptop,Electronics,3,899.99,Customer 52,2699.9700000000003
10518,2026-08-20,Desk Lamp,Furniture,1,49.99,Customer 227,49.99
10096,2026-08-20,Desk Lamp,Furniture,2,49.99,Customer 144,99.98
10741,2026-08-20,Office Chair,Furniture,1,229.99,Customer 154,229.99
10099,2026-08-20,Laptop Stand,Accessories,1,39.99,Customer 33,39.99
10449,2026-08-20,Office Chair,Furniture,3,229.99,Customer 183,689.97
10267,2026-08-20,Office Chair,Furniture,2,229.99,Customer 97,459.98
10902,2026-08-20,Laptop,Electronics,2,899.99,Customer 183,1799.98
10334,2026-08-20,Wireless Mouse,Electronics,1,29.99,Customer 56,29.99
10200,2026-08-20,Desk Lamp,Furniture,1,49.99,Customer 109,49.99
10804,2026-08-21,Mechanical Keyboard,Electronics,1,89.99,Customer 74,89.99
10665,2026-08-21,Laptop,Electronics,3,899.99,Customer 226,2699.9700000000003
10194,2026-08-21,Headphones,Electronics,1,79.99,Customer 243,79.99
10196,2026-08-21,Desk Lamp,Furniture,2,49.99,Customer 177,99.98
10808,2026-08-22,Standing Desk,Furniture,1,449.99,Customer 127,449.99
10545,2026-08-22,Backpack,Accessories,1,69.99,Customer 62,69.99
10672,2026-08-22,Laptop,Electronics,1,899.99,Customer 107,899.99
10142,2026-08-22,Backpack,Accessories,1,69.99,Customer 244,69.99
10361,2026-08-22,Backpack,Accessories,1,69.99,Customer 32,69.99
10786,2026-08-22,Office Chair,Furniture,1,229.99,Customer 119,229.99
10584,2026-08-22,Monitor,Electronics,1,249.99,Customer 170,249.99
10368,2026-08-22,Standing Desk,Furniture,4,449.99,Customer 210,1799.96
10710,2026-08-23,Desk Lamp,Furniture,1,49.99,Customer 179,49.99
10813,2026-08-23,Desk Lamp,Furniture,2,49.99,Customer 197,99.98
10373,2026-08-23,Mechanical Keyboard,Electronics,1,89.99,Customer 18,89.99
10716,2026-08-23,Office Chair,Furniture,4,229.99,Customer 250,919.96
10956,2026-08-23,Office Chair,Furniture,1,229.99,Customer 100,229.99
10559,2026-08-24,Laptop,Electronics,1,899.99,Customer 93,899.99
10724,2026-08-24,Monitor,Electronics,2,249.99,Customer 100,499.98
10377,2026-08-24,Office Chair,Furniture,1,229.99,Customer 227,229.99
10127,2026-08-24,Laptop Stand,Accessories,1,39.99,Customer 141,39.99
10617,2026-08-24,Headphones,Electronics,1,79.99,Customer 50,79.99
10190,2026-08-24,Desk Lamp,Furniture,1,49.99,Customer 98,49.99
10874,2026-08-24,Standing Desk,Furniture,1,449.99,Customer 140,449.99
10967,2026-08-24,Office Chair,Furniture,1,229.99,Customer 145,229.99
10744,2026-08-25,Monitor,Electronics,1,249.99,Customer 176,249.99
10269,2026-08-25,Monitor,Electronics,1,249.99,Customer 220,249.99
10055,2026-08-26,Laptop Stand,Accessories,1,39.99,Customer 201,39.99
10994,2026-08-26,Desk Lamp,Furniture,1,49.99,Customer 176,49.99
10155,2026-08-26,Laptop,Electronics,1,899.99,Customer 2,899.99
10240,2026-08-26,Headphones,Electronics,1,79.99,Customer 194,79.99
10576,2026-08-26,Laptop Stand,Accessories,1,39.99,Customer 14,39.99
10756,2026-08-26,Desk Lamp,Furniture,2,49.99,Customer 84,99.98
10662,2026-08-26,Monitor,Electronics,1,249.99,Customer 154,249.99
10841,2026-08-26,Backpack,Accessories,1,69.99,Customer 219,69.99
10791,2026-08-26,Wireless Mouse,Electronics,1,29.99,Customer 224,29.99
10265,2026-08-27,Laptop Stand,Accessories,4,39.99,Customer 126,159.96
10477,2026-08-27,Wireless Mouse,Electronics,2,29.99,Customer 86,59.98
10690,2026-08-27,Laptop Stand,Accessories,2,39.99,Customer 76,79.98
10415,2026-08-27,Desk Lamp,Furniture,1,49.99,Customer 203,49.99
10643,2026-08-27,Monitor,Electronics,1,249.99,Customer 109,249.99
10941,2026-08-28,Wireless Mouse,Electronics,1,29.99,Customer 235,29.99
10027,2026-08-28,Headphones,Electronics,1,79.99,Customer 150,79.99
10765,2026-08-28,Desk Lamp,Furniture,1,49.99,Customer 130,49.99
10678,2026-08-29,Monitor,Electronics,2,249.99,Customer 144,499.98
10976,2026-08-29,Standing Desk,Furniture,1,449.99,Customer 78,449.99
10051,2026-08-29,Monitor,Electronics,1,249.99,Customer 19,249.99
10864,2026-08-29,Wireless Mouse,Electronics,2,29.99,Customer 90,59.98
10205,2026-08-29,Headphones,Electronics,4,79.99,Customer 135,319.96
10178,2026-08-30,Wireless Mouse,Electronics,1,29.99,Customer 161,29.99
10570,2026-08-30,Headphones,Electronics,1,79.99,Customer 213,79.99
10162,2026-08-30,Standing Desk,Furniture,1,449.99,Customer 7,449.99
10411,2026-08-30,Headphones,Electronics,1,79.99,Customer 130,79.99
10966,2026-08-30,Office Chair,Furniture,1,229.99,Customer 180,229.99
10273,2026-08-30,Backpack,Accessories,1,69.99,Customer 26,69.99
10532,2026-08-30,Mechanical Keyboard,Electronics,3,89.99,Customer 40,269.96999999999997
10853,2026-08-30,Mechanical Keyboard,Electronics,1,89.99,Customer 175,89.99
10031,2026-08-31,Standing Desk,Furniture,1,449.99,Customer 98,449.99
10825,2026-08-31,Headphones,Electronics,1,79.99,Customer 83,79.99
10555,2026-08-31,Desk Lamp,Furniture,2,49.99,Customer 168,99.98
10749,2026-08-31,Desk Lamp,Furniture,1,49.99,Customer 118,49.99
10658,2026-08-31,Wireless Mouse,Electronics,1,29.99,Customer 154,29.99
10575,2026-08-31,Laptop,Electronics,1,899.99,Customer 248,899.99
10867,2026-09-01,Laptop Stand,Accessories,2,39.99,Customer 73,79.98
10502,2026-09-02,Laptop,Electronics,1,899.99,Customer 116,899.99
10237,2026-09-02,Office Chair,Furniture,1,229.99,Customer 24,229.99
10494,2026-09-02,Desk Lamp,Furniture,2,49.99,Customer 43,99.98
10677,2026-09-02,Laptop Stand,Accessories,1,39.99,Customer 19,39.99
10869,2026-09-03,Backpack,Accessories,1,69.99,Customer 192,69.99
10019,2026-09-03,Wireless Mouse,Electronics,1,29.99,Customer 137,29.99
10129,2026-09-03,Laptop Stand,Accessories,1,39.99,Customer 120,39.99
10299,2026-09-03,Laptop,Electronics,2,899.99,Customer 214,1799.98
10370,2026-09-03,Laptop,Electronics,3,899.99,Customer 213,2699.9700000000003
10135,2026-09-04,Desk Lamp,Furniture,2,49.99,Customer 19,99.98
10588,2026-09-04,Headphones,Electronics,1,79.99,Customer 246,79.99
10442,2026-09-04,Desk Lamp,Furniture,1,49.99,Customer 192,49.99
10618,2026-09-04,Mechanical Keyboard,Electronics,2,89.99,Customer 230,179.98
10143,2026-09-04,Desk Lamp,Furniture,2,49.99,Customer 229,99.98
10318,2026-09-04,Office Chair,Furniture,1,229.99,Customer 17,229.99
10798,2026-09-05,Headphones,Electronics,1,79.99,Customer 173,79.99
10548,2026-09-05,Standing Desk,Furniture,1,449.99,Customer 247,449.99
10496,2026-09-05,Office Chair,Furniture,4,229.99,Customer 71,919.96
10823,2026-09-05,Mechanical Keyboard,Electronics,1,89.99,Customer 53,89.99
10369,2026-09-05,Laptop Stand,Accessories,1,39.99,Customer 143,39.99
10414,2026-09-05,Wireless Mouse,Electronics,1,29.99,Customer 99,29.99
10325,2026-09-05,Desk Lamp,Furniture,1,49.99,Customer 244,49.99
10317,2026-09-06,Laptop,Electronics,2,899.99,Customer 144,1799.98
10395,2026-09-06,Mechanical Keyboard,Electronics,1,89.99,Customer 177,89.99
10288,2026-09-06,Standing Desk,Furniture,1,449.99,Customer 128,449.99
10103,2026-09-06,Standing Desk,Furniture,2,449.99,Customer 237,899.98
10171,2026-09-07,Laptop,Electronics,1,899.99,Customer 33,899.99
10161,2026-09-07,Mechanical Keyboard,Electronics,1,89.99,Customer 233,89.99
10122,2026-09-07,Office Chair,Furniture,1,229.99,Customer 218,229.99
10302,2026-09-08,Mechanical Keyboard,Electronics,1,89.99,Customer 161,89.99
10409,2026-09-08,Office Chair,Furniture,1,229.99,Customer 113,229.99
10832,2026-09-08,Headphones,Electronics,1,79.99,Customer 116,79.99
10538,2026-09-08,Desk Lamp,Furniture,1,49.99,Customer 165,49.99
10666,2026-09-08,Mechanical Keyboard,Electronics,1,89.99,Customer 143,89.99
10480,2026-09-09,Desk Lamp,Furniture,1,49.99,Customer 35,49.99
10281,2026-09-09,Monitor,Electronics,1,249.99,Customer 74,249.99
10833,2026-09-10,Wireless Mouse,Electronics,2,29.99,Customer 197,59.98
10730,2026-09-10,Laptop,Electronics,1,899.99,Customer 116,899.99
10350,2026-09-10,Laptop Stand,Accessories,1,39.99,Customer 183,39.99
10374,2026-09-10,Mechanical Keyboard,Electronics,4,89.99,Customer 24,359.96
10474,2026-09-10,Laptop,Electronics,1,899.99,Customer 96,899.99
10301,2026-09-10,Monitor,Electronics,1,249.99,Customer 65,249.99
10038,2026-09-11,Headphones,Electronics,1,79.99,Customer 51,79.99
10293,2026-09-11,Headphones,Electronics,3,79.99,Customer 177,239.96999999999997
10978,2026-09-11,Standing Desk,Furniture,3,449.99,Customer 167,1349.97
10095,2026-09-11,Mechanical Keyboard,Electronics,4,89.99,Customer 42,359.96
10880,2026-09-11,Wireless Mouse,Electronics,1,29.99,Customer 158,29.99
10524,2026-09-11,Backpack,Accessories,1,69.99,Customer 197,69.99
10872,2026-09-11,Desk Lamp,Furniture,1,49.99,Customer 136,49.99
10768,2026-09-11,Laptop Stand,Accessories,3,39.99,Customer 28,119.97
10465,2026-09-11,Standing Desk,Furniture,2,449.99,Customer 118,899.98
10025,2026-09-12,Standing Desk,Furniture,1,449.99,Customer 68,449.99
10163,2026-09-12,Wireless Mouse,Electronics,1,29.99,Customer 222,29.99
10408,2026-09-12,Laptop Stand,Accessories,1,39.99,Customer 160,39.99
10859,2026-09-12,Mechanical Keyboard,Electronics,4,89.99,Customer 37,359.96
10950,2026-09-13,Monitor,Electronics,1,249.99,Customer 106,249.99
10329,2026-09-13,Backpack,Accessories,1,69.99,Customer 102,69.99
10197,2026-09-13,Desk Lamp,Furniture,2,49.99,Customer 115,99.98
10866,2026-09-13,Headphones,Electronics,1,79.99,Customer 142,79.99
10402,2026-09-13,Office Chair,Furniture,2,229.99,Customer 61,459.98
10186,2026-09-14,Backpack,Accessories,1,69.99,Customer 207,69.99
10505,2026-09-14,Office Chair,Furniture,1,229.99,Customer 246,229.99
10847,2026-09-14,Mechanical Keyboard,Electronics,1,89.99,Customer 224,89.99
10606,2026-09-14,Wireless Mouse,Electronics,1,29.99,Customer 137,29.99
10818,2026-09-15,Wireless Mouse,Electronics,2,29.99,Customer 77,59.98
10486,2026-09-15,Laptop,Electronics,1,899.99,Customer 32,899.99
10712,2026-09-15,Wireless Mouse,Electronics,4,29.99,Customer 167,119.96
10769,2026-09-16,Monitor,Electronics,1,249.99,Customer 43,249.99
10533,2026-09-16,Mechanical Keyboard,Electronics,1,89.99,Customer 231,89.99
10868,2026-09-16,Laptop,Electronics,2,899.99,Customer 53,1799.98
10246,2026-09-17,Headphones,Electronics,3,79.99,Customer 209,239.96999999999997
10132,2026-09-17,Backpack,Accessories,1,69.99,Customer 86,69.99
10088,2026-09-17,Headphones,Electronics,1,79.99,Customer 225,79.99
10338,2026-09-17,Wireless Mouse,Electronics,2,29.99,Customer 34,59.98
10229,2026-09-17,Laptop Stand,Accessories,2,39.99,Customer 51,79.98
10923,2026-09-17,Standing Desk,Furniture,3,449.99,Customer 61,1349.97
10069,2026-09-17,Backpack,Accessories,2,69.99,Customer 40,139.98
10079,2026-09-19,Monitor,Electronics,2,249.99,Customer 62,499.98
10698,2026-09-19,Wireless Mouse,Electronics,1,29.99,Customer 2,29.99
10048,2026-09-19,Standing Desk,Furniture,1,449.99,Customer 113,449.99
10620,2026-09-19,Standing Desk,Furniture,1,449.99,Customer 36,449.99
10172,2026-09-19,Desk Lamp,Furniture,1,49.99,Customer 243,49.99
10898,2026-09-20,Laptop Stand,Accessories,2,39.99,Customer 59,79.98
10238,2026-09-20,Monitor,Electronics,2,249.99,Customer 148,499.98
10641,2026-09-20,Desk Lamp,Furniture,2,49.99,Customer 186,99.98
10058,2026-09-20,Laptop,Electronics,1,899.99,Customer 166,899.99
10314,2026-09-20,Office Chair,Furniture,2,229.99,Customer 68,459.98
10379,2026-09-20,Laptop,Electronics,1,899.99,Customer 114,899.99
10573,2026-09-20,Office Chair,Furniture,1,229.99,Customer 107,229.99
10775,2026-09-21,Desk Lamp,Furniture,1,49.99,Customer 129,49.99
10784,2026-09-21,Wireless Mouse,Electronics,2,29.99,Customer 239,59.98
10827,2026-09-21,Backpack,Accessories,2,69.99,Customer 35,139.98
10311,2026-09-21,Monitor,Electronics,2,249.99,Customer 102,499.98
10126,2026-09-21,Standing Desk,Furniture,2,449.99,Customer 45,899.98
10512,2026-09-22,Wireless Mouse,Electronics,3,29.99,Customer 82,89.97
10602,2026-09-22,Wireless Mouse,Electronics,2,29.99,Customer 2,59.98
10809,2026-09-23,Standing Desk,Furniture,1,449.99,Customer 182,449.99
10358,2026-09-23,Mechanical Keyboard,Electronics,3,89.99,Customer 18,269.96999999999997
10479,2026-09-23,Mechanical Keyboard,Electronics,1,89.99,Customer 179,89.99
10940,2026-09-23,Office Chair,Furniture,1,229.99,Customer 166,229.99
10047,2026-09-24,Backpack,Accessories,1,69.99,Customer 80,69.99
10726,2026-09-24,Mechanical Keyboard,Electronics,2,89.99,Customer 129,179.98
10627,2026-09-24,Headphones,Electronics,1,79.99,Customer 235,79.99
10803,2026-09-25,Backpack,Accessories,3,69.99,Customer 239,209.96999999999997
10990,2026-09-25,Monitor,Electronics,1,249.99,Customer 66,249.99
10151,2026-09-25,Standing Desk,Furniture,1,449.99,Customer 55,449.99
10489,2026-09-25,Desk Lamp,Furniture,1,49.99,Customer 237,49.99
10718,2026-09-25,Monitor,Electronics,2,249.99,Customer 122,499.98
10459,2026-09-26,Desk Lamp,Furniture,2,49.99,Customer 195,99.98
10137,2026-09-26,Monitor,Electronics,1,249.99,Customer 103,249.99
10210,2026-09-26,Headphones,Electronics,3,79.99,Customer 164,239.96999999999997
10925,2026-09-27,Standing Desk,Furniture,2,449.99,Customer 84,899.98
10767,2026-09-27,Office Chair,Furniture,2,229.99,Customer 138,459.98
10227,2026-09-27,Headphones,Electronics,2,79.99,Customer 19,159.98
10353,2026-09-27,Wireless Mouse,Electronics,1,29.99,Customer 168,29.99
10018,2026-09-27,Headphones,Electronics,3,79.99,Customer 166,239.96999999999997
10234,2026-09-27,Headphones,Electronics,1,79.99,Customer 70,79.99
10319,2026-09-27,Desk Lamp,Furniture,1,49.99,Customer 105,49.99
10644,2026-09-27,Office Chair,Furniture,1,229.99,Customer 16,229.99
10829,2026-09-27,Mechanical Keyboard,Electronics,2,89.99,Customer 64,179.98
11000,2026-09-28,Desk Lamp,Furniture,1,49.99,Customer 242,49.99
10932,2026-09-28,Headphones,Electronics,1,79.99,Customer 11,79.99
10790,2026-09-28,Laptop,Electronics,1,899.99,Customer 72,899.99
10259,2026-09-28,Backpack,Accessories,1,69.99,Customer 214,69.99
10185,2026-09-29,Desk Lamp,Furniture,1,49.99,Customer 46,49.99
10700,2026-09-29,Wireless Mouse,Electronics,1,29.99,Customer 56,29.99
10513,2026-09-29,Office Chair,Furniture,1,229.99,Customer 139,229.99
10671,2026-09-29,Headphones,Electronics,1,79.99,Customer 119,79.99
10393,2026-09-29,Standing Desk,Furniture,1,449.99,Customer 75,449.99
10988,2026-09-29,Wireless Mouse,Electronics,1,29.99,Customer 187,29.99
10822,2026-09-29,Office Chair,Furniture,1,229.99,Customer 110,229.99
10830,2026-09-30,Mechanical Keyboard,Electronics,1,89.99,Customer 64,89.99
10419,2026-09-30,Office Chair,Furniture,1,229.99,Customer 166,229.99
10894,2026-09-30,Headphones,Electronics,4,79.99,Customer 161,319.96
10918,2026-09-30,Mechanical Keyboard,Electronics,1,89.99,Customer 12,89.99
10734,2026-09-30,Monitor,Electronics,1,249.99,Customer 69,249.99
10457,2026-09-30,Wireless Mouse,Electronics,1,29.99,Customer 203,29.99
